function,type
"[(tensor([[0.02996, 0.61690, 2.37539, 3.06608, 1.52474, 0.25282]]), tensor([[1.19161, 4.40812, 0.91111, 0.34886]])), (tensor([[0.02996, 0.61690, 2.37539, 3.06608, 1.52474, 0.25282]]), tensor([[1.19161, 4.40812, 0.91111, 0.34886]])), (tensor([[0.02996, 0.61690, 2.37539, 3.06608, 1.52474, 0.25282]]), tensor([[1.19161, 4.40812, 0.91111, 0.34886]])), (tensor([[0.02996, 0.61690, 2.37539, 3.06608, 1.52474, 0.25282]]), tensor([[1.19161, 4.40812, 0.91111, 0.34886]]))]",0
"[(tensor([[0.02996, 0.61690, 2.37539, 3.06608, 1.52474, 0.25282]]), tensor([[1.19161, 4.40812, 0.91111, 0.34886]])), (tensor([[0.02996, 0.61690, 2.37539, 3.06608, 1.52474, 0.25282]]), tensor([[1.19161, 4.40812, 0.91111, 0.34886]])), (tensor([[0.02996, 0.61690, 2.37539, 3.06608, 1.52474, 0.25282]]), tensor([[1.19161, 4.40812, 0.91111, 0.34886]])), (tensor([[0.02996, 0.61690, 2.37539, 3.06608, 1.52474, 0.25282]]), tensor([[1.19161, 4.40812, 0.91111, 0.34886]]))]",0
"[(tensor([[0.02996, 0.61690, 2.37539, 3.06608, 1.52474, 0.25282]]), tensor([[1.19161, 4.40812, 0.91111, 0.34886]])), (tensor([[0.02996, 0.61690, 2.37539, 3.06608, 1.52474, 0.25282]]), tensor([[1.19161, 4.40812, 0.91111, 0.34886]])), (tensor([[0.02996, 0.61690, 2.37539, 3.06608, 1.52474, 0.25282]]), tensor([[1.19161, 4.40812, 0.91111, 0.34886]])), (tensor([[0.02996, 0.61690, 2.37539, 3.06608, 1.52474, 0.25282]]), tensor([[1.19161, 4.40812, 0.91111, 0.34886]]))]",0
"[(tensor([[0.02996, 0.61690, 2.37539, 3.06608, 1.52474, 0.25282]]), tensor([[1.19161, 4.40812, 0.91111, 0.34886]])), (tensor([[0.02996, 0.61690, 2.37539, 3.06608, 1.52474, 0.25282]]), tensor([[1.19161, 4.40812, 0.91111, 0.34886]])), (tensor([[0.02996, 0.61690, 2.37539, 3.06608, 1.52474, 0.25282]]), tensor([[1.19161, 4.40812, 0.91111, 0.34886]])), (tensor([[0.02996, 0.61690, 2.37539, 3.06608, 1.52474, 0.25282]]), tensor([[1.19161, 4.40812, 0.91111, 0.34886]]))]",0
"[(tensor([[0.02996, 0.61690, 2.37539, 3.06608, 1.52474, 0.25282]]), tensor([[1.19161, 4.40812, 0.91111, 0.34886]])), (tensor([[0.02996, 0.61690, 2.37539, 3.06608, 1.52474, 0.25282]]), tensor([[1.19161, 4.40812, 0.91111, 0.34886]])), (tensor([[0.02996, 0.61690, 2.37539, 3.06608, 1.52474, 0.25282]]), tensor([[1.19161, 4.40812, 0.91111, 0.34886]])), (tensor([[0.02996, 0.61690, 2.37539, 3.06608, 1.52474, 0.25282]]), tensor([[1.19161, 4.40812, 0.91111, 0.34886]]))]",0
"[(tensor([[0.02996, 0.61690, 2.37539, 3.06608, 1.52474, 0.25282]]), tensor([[1.19161, 4.40812, 0.91111, 0.34886]])), (tensor([[0.02996, 0.61690, 2.37539, 3.06608, 1.52474, 0.25282]]), tensor([[1.19161, 4.40812, 0.91111, 0.34886]])), (tensor([[0.02996, 0.61690, 2.37539, 3.06608, 1.52474, 0.25282]]), tensor([[1.19161, 4.40812, 0.91111, 0.34886]])), (tensor([[0.02996, 0.61690, 2.37539, 3.06608, 1.52474, 0.25282]]), tensor([[1.19161, 4.40812, 0.91111, 0.34886]]))]",0
"[(tensor([[0.02996, 0.61690, 2.37539, 3.06608, 1.52474, 0.25282]]), tensor([[1.19161, 4.40812, 0.91111, 0.34886]])), (tensor([[0.02996, 0.61690, 2.37539, 3.06608, 1.52474, 0.25282]]), tensor([[1.19161, 4.40812, 0.91111, 0.34886]])), (tensor([[0.02996, 0.61690, 2.37539, 3.06608, 1.52474, 0.25282]]), tensor([[1.19161, 4.40812, 0.91111, 0.34886]])), (tensor([[0.02996, 0.61690, 2.37539, 3.06608, 1.52474, 0.25282]]), tensor([[1.19161, 4.40812, 0.91111, 0.34886]]))]",0
"[(tensor([[0.02996, 0.61690, 2.37539, 3.06608, 1.52474, 0.25282]]), tensor([[1.19161, 4.40812, 0.91111, 0.34886]])), (tensor([[0.02996, 0.61690, 2.37539, 3.06608, 1.52474, 0.25282]]), tensor([[1.19161, 4.40812, 0.91111, 0.34886]])), (tensor([[0.02996, 0.61690, 2.37539, 3.06608, 1.52474, 0.25282]]), tensor([[1.19161, 4.40812, 0.91111, 0.34886]])), (tensor([[0.02996, 0.61690, 2.37539, 3.06608, 1.52474, 0.25282]]), tensor([[1.19161, 4.40812, 0.91111, 0.34886]]))]",0
"[(tensor([[0.02996, 0.61690, 2.37539, 3.06608, 1.52474, 0.25282]]), tensor([[1.19161, 4.40812, 0.91111, 0.34886]])), (tensor([[0.02996, 0.61690, 2.37539, 3.06608, 1.52474, 0.25282]]), tensor([[1.19161, 4.40812, 0.91111, 0.34886]])), (tensor([[0.02996, 0.61690, 2.37539, 3.06608, 1.52474, 0.25282]]), tensor([[1.19161, 4.40812, 0.91111, 0.34886]])), (tensor([[0.02996, 0.61690, 2.37539, 3.06608, 1.52474, 0.25282]]), tensor([[1.19161, 4.40812, 0.91111, 0.34886]]))]",0
"[(tensor([[0.02996, 0.61690, 2.37539, 3.06608, 1.52474, 0.25282]]), tensor([[1.19161, 4.40812, 0.91111, 0.34886]])), (tensor([[0.02996, 0.61690, 2.37539, 3.06608, 1.52474, 0.25282]]), tensor([[1.19161, 4.40812, 0.91111, 0.34886]])), (tensor([[0.02996, 0.61690, 2.37539, 3.06608, 1.52474, 0.25282]]), tensor([[1.19161, 4.40812, 0.91111, 0.34886]])), (tensor([[0.02996, 0.61690, 2.37539, 3.06608, 1.52474, 0.25282]]), tensor([[1.19161, 4.40812, 0.91111, 0.34886]]))]",0
"[(tensor([[0.02996, 0.61690, 2.37539, 3.06608, 1.52474, 0.25282]]), tensor([[1.19161, 4.40812, 0.91111, 0.34886]])), (tensor([[0.02996, 0.61690, 2.37539, 3.06608, 1.52474, 0.25282]]), tensor([[1.19161, 4.40812, 0.91111, 0.34886]])), (tensor([[0.02996, 0.61690, 2.37539, 3.06608, 1.52474, 0.25282]]), tensor([[1.19161, 4.40812, 0.91111, 0.34886]])), (tensor([[0.02996, 0.61690, 2.37539, 3.06608, 1.52474, 0.25282]]), tensor([[1.19161, 4.40812, 0.91111, 0.34886]]))]",0
"[(tensor([[0.02996, 0.61690, 2.37539, 3.06608, 1.52474, 0.25282]]), tensor([[1.19161, 4.40812, 0.91111, 0.34886]])), (tensor([[0.02996, 0.61690, 2.37539, 3.06608, 1.52474, 0.25282]]), tensor([[1.19161, 4.40812, 0.91111, 0.34886]])), (tensor([[0.02996, 0.61690, 2.37539, 3.06608, 1.52474, 0.25282]]), tensor([[1.19161, 4.40812, 0.91111, 0.34886]])), (tensor([[0.02996, 0.61690, 2.37539, 3.06608, 1.52474, 0.25282]]), tensor([[1.19161, 4.40812, 0.91111, 0.34886]]))]",0
"[(tensor([[0.02996, 0.61690, 2.37539, 3.06608, 1.52474, 0.25282]]), tensor([[1.19161, 4.40812, 0.91111, 0.34886]])), (tensor([[0.02996, 0.61690, 2.37539, 3.06608, 1.52474, 0.25282]]), tensor([[1.19161, 4.40812, 0.91111, 0.34886]])), (tensor([[0.02996, 0.61690, 2.37539, 3.06608, 1.52474, 0.25282]]), tensor([[1.19161, 4.40812, 0.91111, 0.34886]])), (tensor([[0.02996, 0.61690, 2.37539, 3.06608, 1.52474, 0.25282]]), tensor([[1.19161, 4.40812, 0.91111, 0.34886]]))]",0
"[(tensor([[0.02996, 0.61690, 2.37539, 3.06608, 1.52474, 0.25282]]), tensor([[1.19161, 4.40812, 0.91111, 0.34886]])), (tensor([[0.02996, 0.61690, 2.37539, 3.06608, 1.52474, 0.25282]]), tensor([[1.19161, 4.40812, 0.91111, 0.34886]])), (tensor([[0.02996, 0.61690, 2.37539, 3.06608, 1.52474, 0.25282]]), tensor([[1.19161, 4.40812, 0.91111, 0.34886]])), (tensor([[0.02996, 0.61690, 2.37539, 3.06608, 1.52474, 0.25282]]), tensor([[1.19161, 4.40812, 0.91111, 0.34886]]))]",0
"[(tensor([[0.02996, 0.61690, 2.37539, 3.06608, 1.52474, 0.25282]]), tensor([[1.19161, 4.40812, 0.91111, 0.34886]])), (tensor([[0.02996, 0.61690, 2.37539, 3.06608, 1.52474, 0.25282]]), tensor([[1.19161, 4.40812, 0.91111, 0.34886]])), (tensor([[0.02996, 0.61690, 2.37539, 3.06608, 1.52474, 0.25282]]), tensor([[1.19161, 4.40812, 0.91111, 0.34886]])), (tensor([[0.02996, 0.61690, 2.37539, 3.06608, 1.52474, 0.25282]]), tensor([[1.19161, 4.40812, 0.91111, 0.34886]]))]",0
"[(tensor([[0.02996, 0.61690, 2.37539, 3.06608, 1.52474, 0.25282]]), tensor([[1.19161, 4.40812, 0.91111, 0.34886]])), (tensor([[0.02996, 0.61690, 2.37539, 3.06608, 1.52474, 0.25282]]), tensor([[1.19161, 4.40812, 0.91111, 0.34886]])), (tensor([[0.02996, 0.61690, 2.37539, 3.06608, 1.52474, 0.25282]]), tensor([[1.19161, 4.40812, 0.91111, 0.34886]])), (tensor([[0.02996, 0.61690, 2.37539, 3.06608, 1.52474, 0.25282]]), tensor([[1.19161, 4.40812, 0.91111, 0.34886]]))]",0
"[(tensor([[0.02996, 0.61690, 2.37539, 3.06608, 1.52474, 0.25282]]), tensor([[1.19161, 4.40812, 0.91111, 0.34886]])), (tensor([[0.02996, 0.61690, 2.37539, 3.06608, 1.52474, 0.25282]]), tensor([[1.19161, 4.40812, 0.91111, 0.34886]])), (tensor([[0.02996, 0.61690, 2.37539, 3.06608, 1.52474, 0.25282]]), tensor([[1.19161, 4.40812, 0.91111, 0.34886]])), (tensor([[0.02996, 0.61690, 2.37539, 3.06608, 1.52474, 0.25282]]), tensor([[1.19161, 4.40812, 0.91111, 0.34886]]))]",1
"[(tensor([[0.02996, 0.61690, 2.37539, 3.06608, 1.52474, 0.25282]]), tensor([[1.19161, 4.40812, 0.91111, 0.34886]])), (tensor([[0.02996, 0.61690, 2.37539, 3.06608, 1.52474, 0.25282]]), tensor([[1.19161, 4.40812, 0.91111, 0.34886]])), (tensor([[0.02996, 0.61690, 2.37539, 3.06608, 1.52474, 0.25282]]), tensor([[1.19161, 4.40812, 0.91111, 0.34886]])), (tensor([[0.02996, 0.61690, 2.37539, 3.06608, 1.52474, 0.25282]]), tensor([[1.19161, 4.40812, 0.91111, 0.34886]]))]",0
"[(tensor([[0.02996, 0.61690, 2.37539, 3.06608, 1.52474, 0.25282]]), tensor([[1.19161, 4.40812, 0.91111, 0.34886]])), (tensor([[0.02996, 0.61690, 2.37539, 3.06608, 1.52474, 0.25282]]), tensor([[1.19161, 4.40812, 0.91111, 0.34886]])), (tensor([[0.02996, 0.61690, 2.37539, 3.06608, 1.52474, 0.25282]]), tensor([[1.19161, 4.40812, 0.91111, 0.34886]])), (tensor([[0.02996, 0.61690, 2.37539, 3.06608, 1.52474, 0.25282]]), tensor([[1.19161, 4.40812, 0.91111, 0.34886]]))]",1
"[(tensor([[0.02996, 0.61690, 2.37539, 3.06608, 1.52474, 0.25282]]), tensor([[1.19161, 4.40812, 0.91111, 0.34886]])), (tensor([[0.02996, 0.61690, 2.37539, 3.06608, 1.52474, 0.25282]]), tensor([[1.19161, 4.40812, 0.91111, 0.34886]])), (tensor([[0.02996, 0.61690, 2.37539, 3.06608, 1.52474, 0.25282]]), tensor([[1.19161, 4.40812, 0.91111, 0.34886]])), (tensor([[0.02996, 0.61690, 2.37539, 3.06608, 1.52474, 0.25282]]), tensor([[1.19161, 4.40812, 0.91111, 0.34886]]))]",2
"[(tensor([[0.02996, 0.61690, 2.37539, 3.06608, 1.52474, 0.25282]]), tensor([[1.19161, 4.40812, 0.91111, 0.34886]])), (tensor([[0.02996, 0.61690, 2.37539, 3.06608, 1.52474, 0.25282]]), tensor([[1.19161, 4.40812, 0.91111, 0.34886]])), (tensor([[0.02996, 0.61690, 2.37539, 3.06608, 1.52474, 0.25282]]), tensor([[1.19161, 4.40812, 0.91111, 0.34886]])), (tensor([[0.02996, 0.61690, 2.37539, 3.06608, 1.52474, 0.25282]]), tensor([[1.19161, 4.40812, 0.91111, 0.34886]]))]",3
